<?xml version="1.0" ?>

<container xmlns="http://symfony.com/schema/dic/services"
    xmlns:xsi="http://www.w3.org/2001/XMLSchema-instance"
    xsi:schemaLocation="http://symfony.com/schema/dic/services http://symfony.com/schema/dic/services/services-1.0.xsd">

    <services>
        <service id="Psy\Configuration">
            <call method="setHistoryFile">
                <argument>%kernel.cache_dir%/psysh_history</argument>
            </call>
        </service>

        <service id="psysh.shell" class="Psy\Shell">
            <argument type="service" id="Psy\Configuration" />
        </service>

        <service id="psysh.command.shell_command" class="Fidry\PsyshBundle\Command\PsyshCommand" public="true">
            <argument type="service" id="psysh.shell" />
            <tag name="console.command" command="psysh" />
        </service>

        <service id="psysh.facade" class="Fidry\PsyshBundle\PsyshFacade" public="true">
            <call method="setContainer">
                <argument type="service" id="test.service_container" />
            </call>
        </service>

        <service id="test.service_container" class="Symfony\Bundle\FrameworkBundle\Test\TestContainer" public="true">
            <argument type="service" id="kernel" />
            <argument>test.private_services_locator</argument>
        </service>

        <service id="test.private_services_locator" class="Symfony\Component\DependencyInjection\ServiceLocator" public="true">
            <argument type="collection" />
        </service>
    </services>

</container>
