<?xml version="1.0" ?>

<container xmlns="http://symfony.com/schema/dic/services"
    xmlns:xsi="http://www.w3.org/2001/XMLSchema-instance"
    xsi:schemaLocation="http://symfony.com/schema/dic/services https://symfony.com/schema/dic/services/services-1.0.xsd">

    <services>
        <service id="secrets.vault" class="Symfony\Bundle\FrameworkBundle\Secrets\SodiumVault">
            <tag name="container.env_var_loader" />
            <argument>%kernel.project_dir%/config/secrets/%kernel.environment%</argument>
            <argument>%env(base64:default::SYMFONY_DECRYPTION_SECRET)%</argument>
        </service>

        <service id="secrets.local_vault" class="Symfony\Bundle\FrameworkBundle\Secrets\DotenvVault">
            <argument>%kernel.project_dir%/.env.local</argument>
        </service>
    </services>
</container>
