<?xml version="1.0" ?>

<container xmlns="http://symfony.com/schema/dic/services"
    xmlns:xsi="http://www.w3.org/2001/XMLSchema-instance"
    xsi:schemaLocation="http://symfony.com/schema/dic/services http://symfony.com/schema/dic/services/services-1.0.xsd">

    <services>
        <service id="psysh.config" class="Psy\Configuration">
            <call method="setHistoryFile">
                <argument>%kernel.cache_dir%/psysh_history</argument>
            </call>
        </service>

        <service id="psysh.shell" class="Psy\Shell" public="true">
            <argument type="service" id="psysh.config" />
        </service>

        <service id="psysh.command.shell_command" class="Fidry\PsyshBundle\Command\PsyshCommand" public="true">
            <argument type="service" id="psysh.shell" />
            <tag name="console.command" command="psysh" />
        </service>

        <service id="psysh.facade" class="Fidry\PsyshBundle\PsyshFacade" public="true">
            <call method="setContainer">
                <argument type="service" id="service_container" />
            </call>
        </service>
    </services>

</container>
