<?xml version="1.0" ?>

<container xmlns="http://symfony.com/schema/dic/services"
           xmlns:xsi="http://www.w3.org/2001/XMLSchema-instance"
           xsi:schemaLocation="http://symfony.com/schema/dic/services http://symfony.com/schema/dic/services/services-1.0.xsd">

    <parameters>
        <parameter key="qandidate.toggle.manager.class">Qandidate\Toggle\ToggleManager</parameter>
        <parameter key="qandidate.toggle.collection.in_memory.class">Qandidate\Toggle\ToggleCollection\InMemoryCollection</parameter>
        <parameter key="qandidate.toggle.collection.serializer.in_memory.class">Qandidate\Toggle\Serializer\InMemoryCollectionSerializer</parameter>
        <parameter key="qandidate.toggle.collection.predis.class">Qandidate\Toggle\ToggleCollection\PredisCollection</parameter>
        <parameter key="qandidate.toggle.user_context_factory.class">Qandidate\Bundle\ToggleBundle\Context\UserContextFactory</parameter>
        <parameter key="qandidate.toggle.twig_extension.class">Qandidate\Bundle\ToggleBundle\Twig\ToggleTwigExtension</parameter>
        <parameter key="qandidate.toggle.toggle.listener.class">Qandidate\Bundle\ToggleBundle\EventListener\ToggleListener</parameter>
        <parameter key="qandidate.toggle.context.class">Qandidate\Toggle\Context</parameter>
        <parameter key="qandidate.toggle.data_collector.toggle_collector.class">Qandidate\Bundle\ToggleBundle\DataCollector\ToggleCollector</parameter>
    </parameters>

    <services>

        <service id="qandidate.toggle.collection.in_memory" class="%qandidate.toggle.collection.in_memory.class%" />

        <service id="qandidate.toggle.collection.serializer.in_memory" class="%qandidate.toggle.collection.serializer.in_memory.class%" />

        <service id="qandidate.toggle.manager" class="%qandidate.toggle.manager.class%" public="true">
            <argument type="service" id="qandidate.toggle.collection" />
        </service>

        <service id="qandidate.toggle.user_context_factory" class="%qandidate.toggle.user_context_factory.class%" public="true">
            <argument type="service" id="security.token_storage" />
        </service>

        <service id="qandidate.toggle.twig_extension" class="%qandidate.toggle.twig_extension.class%">
            <tag name="twig.extension" />
            <argument type="service" id="qandidate.toggle.manager" />
            <argument type="service" id="qandidate.toggle.context_factory" />
        </service>

        <service id="qandidate.toggle.context"
                 class="%qandidate.toggle.context.class%">
            <factory service="qandidate.toggle.context_factory" method="createContext" />
        </service>

        <service id="qandidate.toggle.toggle.listener" class="%qandidate.toggle.toggle.listener.class%">
            <argument type="service" id="annotation_reader" />
            <argument type="service" id="qandidate.toggle.manager" />
            <argument type="service" id="qandidate.toggle.context" />
            <tag name="kernel.event_listener" event="kernel.controller" />
        </service>

        <service id="qandidate.toggle.data_collector.toggle_collector" class="%qandidate.toggle.data_collector.toggle_collector.class%">
            <argument type="service" id="qandidate.toggle.manager" />
            <argument type="service" id="qandidate.toggle.context_factory" />
            <tag name="data_collector" id="qandidate.toggle_collector" template="@QandidateToggle\data_collector\toggle.html.twig" />
        </service>

    </services>
</container>
