<?xml version="1.0" ?>

<container xmlns="http://symfony.com/schema/dic/services"
    xmlns:xsi="http://www.w3.org/2001/XMLSchema-instance"
    xsi:schemaLocation="http://symfony.com/schema/dic/services http://symfony.com/schema/dic/services/services-1.0.xsd">

    <services>

        <service id="csa_guzzle.data_collector.history_bag" class="Csa\GuzzleHttp\Middleware\History\History" public="true" />

        <service id="csa_guzzle.data_collector.guzzle" class="Csa\Bundle\GuzzleBundle\DataCollector\GuzzleCollector">
            <argument />
            <argument type="service" id="csa_guzzle.data_collector.history_bag" />
            <tag name="data_collector" template="@CsaGuzzle/Collector/guzzle.html.twig" id="guzzle" />
        </service>

    </services>

</container>
