<?xml version="1.0" ?>

<container xmlns="http://symfony.com/schema/dic/services"
    xmlns:xsi="http://www.w3.org/2001/XMLSchema-instance"
    xsi:schemaLocation="http://symfony.com/schema/dic/services http://symfony.com/schema/dic/services/services-1.0.xsd">

    <services>

        <service id="csa_guzzle.mock.storage" class="Csa\GuzzleHttp\Middleware\Cache\Adapter\MockStorageAdapter" public="false">
            <argument /> <!-- storagePath -->
        </service>

        <service id="csa_guzzle.middleware.mock" class="Csa\GuzzleHttp\Middleware\Cache\MockMiddleware">
            <argument type="service" id="csa_guzzle.mock.storage" />
            <argument /> <!-- mode -->
            <argument /> <!-- debug -->
            <tag name="csa_guzzle.middleware" alias="mock" priority="-1250" />
        </service>

    </services>

</container>
