{
    "Version": "36",
    "Names": {
        "BMD": [
            "BMD",
            "Dollar Bermuda"
        ],
        "BRL": [
            "R$",
            "Real Brazil"
        ],
        "BZD": [
            "BZD",
            "Dollar Belize"
        ],
        "CAD": [
            "CA$",
            "Dollar Canada"
        ],
        "CNY": [
            "CN¥",
            "Yuan China"
        ],
        "CVE": [
            "CVE",
            "Escudo Caboverdiano"
        ],
        "EUR": [
            "€",
            "Euro"
        ],
        "GBP": [
            "£",
            "Pound British"
        ],
        "INR": [
            "₹",
            "Rupee India"
        ],
        "JPY": [
            "¥",
            "Yen Japan"
        ],
        "NGN": [
            "₦",
            "Naịra"
        ],
        "RUB": [
            "RUB",
            "Ruble Russia"
        ],
        "SRD": [
            "SRD",
            "Dollar Surinamese"
        ],
        "TTD": [
            "TTD",
            "Dollar Trinidad & Tobago"
        ],
        "USD": [
            "$",
            "Dollar US"
        ]
    }
}
