{
    "Version": "36",
    "Names": {
        "AED": [
            "AED",
            "ಸಂಯುಕ್ತ ಅರಬ್‌ ಎಮಿರೇಟ್‌‌ಗಳ ದಿರಾಮ್‌‌"
        ],
        "AFN": [
            "AFN",
            "ಅಫ್‌ಘನ್ ಅಫಘಾನಿ"
        ],
        "ALL": [
            "ALL",
            "ಅಲ್‌ಬೇನಿಯನ್ ಲೆಕ್"
        ],
        "AMD": [
            "AMD",
            "ಅರ್ಮೆನಿಯನ್ ಡ್ರಾಮ್"
        ],
        "ANG": [
            "ANG",
            "ನೆದರ್ಲೆಂಡ್ಸ್ ಆಂಟಿಲಿಯನ್ ಗಿಲ್ಡರ್"
        ],
        "AOA": [
            "AOA",
            "ಅಂಗೋಲಾದ ಕ್ವಾನ್ಝಾ"
        ],
        "ARS": [
            "ARS",
            "ಅರ್ಜೆಂಟಿನಾ ಪೆಸೊ"
        ],
        "AUD": [
            "A$",
            "ಆಸ್ಟ್ರೇಲಿಯನ್ ಡಾಲರ್‌"
        ],
        "AWG": [
            "AWG",
            "ಅರುಬನ್ ಫ್ಲೊರೀನ್‌‌"
        ],
        "AZN": [
            "AZN",
            "ಅಝರ್‌ಬೈಜಾನಿ ಮನಾತ್"
        ],
        "BAM": [
            "BAM",
            "ಬೋಸ್ನಿಯಾ-ಹರ್ಜ್‌ಗೋವಿನ ಪರಿವರ್ತನೀಯ ಗುರುತು"
        ],
        "BBD": [
            "BBD",
            "ಬರ್ಬಾಡಿಯನ್ ಡಾಲರ್"
        ],
        "BDT": [
            "BDT",
            "ಬಾಂಗ್ಲಾದೇಶದ ಟಾಕಾ"
        ],
        "BGN": [
            "BGN",
            "ಬಲ್ಗೇರಿಯನ್ ಲೆವ್"
        ],
        "BHD": [
            "BHD",
            "ಬಹ್‌‌ರೈನಿ ದಿನಾರ್"
        ],
        "BIF": [
            "BIF",
            "ಬುರುಂದಿಯನ್ ಫ್ರಾಂಕ್"
        ],
        "BMD": [
            "BMD",
            "ಬರ್ಮುಡನ್ ಡಾಲರ್"
        ],
        "BND": [
            "BND",
            "ಬ್ರೂನಿ ಡಾಲರ್"
        ],
        "BOB": [
            "BOB",
            "ಬೊಲಿವಿಯಾದ ಬೊಲಿವಿಯಾನೊ"
        ],
        "BRL": [
            "R$",
            "ಬ್ರೆಜಿಲಿಯನ್‌ ರಿಯಲ್"
        ],
        "BSD": [
            "BSD",
            "ಬಹಾಮಿಯನ್ ಡಾಲರ್"
        ],
        "BTN": [
            "BTN",
            "ಭೂತಾನೀಸ್ ನುಲ್ತರಮ್"
        ],
        "BWP": [
            "BWP",
            "ಬೋಟ್ಸ್‌ವಾನನ್ ಪುಲಾ"
        ],
        "BYN": [
            "BYN",
            "ಬೆಲಾರುಸಿಯನ್ ರೂಬಲ್"
        ],
        "BYR": [
            "BYR",
            "ಬೆಲಾರುಸಿಯನ್ ರೂಬಲ್ (2000–2016)"
        ],
        "BZD": [
            "BZD",
            "ಬೆಲೀಜ್ ಡಾಲರ್"
        ],
        "CAD": [
            "CA$",
            "ಕೆನಡಾದ ಡಾಲರ್"
        ],
        "CDF": [
            "CDF",
            "ಕಾಂಗೋಲೀಸ್ ಫ್ರಾಂಕ್"
        ],
        "CHF": [
            "CHF",
            "ಸ್ವಿಸ್ ಫ್ರಾಂಕ್"
        ],
        "CLP": [
            "CLP",
            "ಚಿಲಿಯ ಪೆಸೊ"
        ],
        "CNH": [
            "CNH",
            "ಚೈನೀಸ್ ಯುವಾನ್ (ಆಫ್‌ಶೋರ್)"
        ],
        "CNY": [
            "CN¥",
            "ಚೈನೀಸ್ ಯುವಾನ್"
        ],
        "COP": [
            "COP",
            "ಕೊಲೊಂಬಿಯೋದ ಪೆಸೊ"
        ],
        "CRC": [
            "CRC",
            "ಕೋಸ್ಟ ರಿಕನ್ ಕೊಲನ್"
        ],
        "CUC": [
            "CUC",
            "ಕ್ಯುಬಾದ ಪರಿವರ್ತನೀಯ ಪೆಸೊ"
        ],
        "CUP": [
            "CUP",
            "ಕ್ಯೂಬಾದ ಪೆಸೊ"
        ],
        "CVE": [
            "CVE",
            "ಕೇಪ್ ವರ್ಡಿನ್ ಎಸ್‌ಕೂಡೊ"
        ],
        "CZK": [
            "CZK",
            "ಝೆಕ್ ಗಣರಾಜ್ಯ ಕೊರೂನ"
        ],
        "DJF": [
            "DJF",
            "ಜಿಬೊಟಿಯನ್ ಫ್ರಾಂಕ್"
        ],
        "DKK": [
            "DKK",
            "ಡ್ಯಾನಿಶ್ ಕ್ರೋನ್"
        ],
        "DOP": [
            "DOP",
            "ಡೊಮಿನಿಕನ್ ಪೆಸೊ"
        ],
        "DZD": [
            "DZD",
            "ಅಲ್ಜೀರಿಯನ್ ದಿನಾರ್"
        ],
        "EGP": [
            "EGP",
            "ಈಜಿಪ್ಷಿಯನ್ ಪೌಂಡ್‍"
        ],
        "ERN": [
            "ERN",
            "ಎರಿತ್ರಿಯನ್ ನಕ್ಫಾ"
        ],
        "ETB": [
            "ETB",
            "ಇಥಿಯೋಪಿಯನ್ ಬಿರ್"
        ],
        "EUR": [
            "€",
            "ಯೂರೊ"
        ],
        "FJD": [
            "FJD",
            "ಫಿಜಿಯನ್ ಡಾಲರ್"
        ],
        "FKP": [
            "FKP",
            "ಫಾಲ್ಕ್‌ಲ್ಯಾಂಡ್ ದ್ವೀಪಗಳ ಪೌಂಡ್"
        ],
        "GBP": [
            "£",
            "ಬ್ರಿಟೀಷ್ ಪೌಂಡ್"
        ],
        "GEL": [
            "GEL",
            "ಜಾರ್ಜಿಯಾದ ಲಾರಿ"
        ],
        "GHS": [
            "GHS",
            "ಘಾನಾದ ಸೆದಿ"
        ],
        "GIP": [
            "GIP",
            "ಗಿಬ್ರಾಲ್ಟರ್ ಪೌಂಡ್"
        ],
        "GMD": [
            "GMD",
            "ಗ್ಯಾಂಬಿಯಾದ ದಲಾಸಿ"
        ],
        "GNF": [
            "GNF",
            "ಗಿನಿಯನ್ ಫ್ರಾಂಕ್"
        ],
        "GTQ": [
            "GTQ",
            "ಗ್ವಾಟೆಮಾಲಾದ ಕುಯಿಟ್ಸಲ್‌‌"
        ],
        "GYD": [
            "GYD",
            "ಗುಯಾನೀಸ್‌ ಡಾಲರ್‌"
        ],
        "HKD": [
            "HK$",
            "ಹಾಂಗ್ ಕಾಂಗ್ ಡಾಲರ್"
        ],
        "HNL": [
            "HNL",
            "ಹೊಂಡುರಾನ್‌ ಲೆಂಪಿರಾ"
        ],
        "HRK": [
            "HRK",
            "ಕ್ರೊಯೆಷ್ಯಾದ ಕೂನಾ"
        ],
        "HTG": [
            "HTG",
            "ಹೈಟಿಯ ಗೋರ್ದೆ"
        ],
        "HUF": [
            "HUF",
            "ಹಂಗೇರಿಯನ್ ಫೋರಿಂಟ್"
        ],
        "IDR": [
            "IDR",
            "ಇಂಡೊನೇಷ್ಯಾ ರುಪೈ"
        ],
        "ILS": [
            "₪",
            "ಇಸ್ರೇಲಿ ನ್ಯೂ ಶೇಖಲ್"
        ],
        "INR": [
            "₹",
            "ಭಾರತೀಯ ರೂಪಾಯಿ"
        ],
        "IQD": [
            "IQD",
            "ಇರಾಕಿ ದಿನಾರ್"
        ],
        "IRR": [
            "IRR",
            "ಇರಾನಿಯನ್ ರಿಯಲ್"
        ],
        "ISK": [
            "ISK",
            "ಐಸ್‌ಲ್ಯಾಂಡಿಕ್ ಕ್ರೋನಾ"
        ],
        "JMD": [
            "JMD",
            "ಜಮೈಕನ್ ಡಾಲರ್"
        ],
        "JOD": [
            "JOD",
            "ಜೋರ್ಡಾನಿಯನ್ ದಿನಾರ್"
        ],
        "JPY": [
            "JP¥",
            "ಜಪಾನೀಸ್ ಯೆನ್"
        ],
        "KES": [
            "KES",
            "ಕೀನ್ಯಾದ ಶಿಲ್ಲಿಂಗ್‌"
        ],
        "KGS": [
            "KGS",
            "ಕಿರ್ಗಿಸ್ತಾನಿ ಸೋಮ್"
        ],
        "KHR": [
            "KHR",
            "ಕಾಂಬೋಡಿಯನ್ ರಿಯಲ್"
        ],
        "KMF": [
            "KMF",
            "ಕೊಮೊರಿಯನ್ ಫ್ರಾಂಕ್"
        ],
        "KPW": [
            "KPW",
            "ಉತ್ತರ ಕೊರಿಯನ್ ವೋನ್"
        ],
        "KRW": [
            "₩",
            "ದಕ್ಷಿಣ ಕೊರಿಯನ್ ವೊನ್"
        ],
        "KWD": [
            "KWD",
            "ಕುವೈತೀ ದಿನಾರ್"
        ],
        "KYD": [
            "KYD",
            "ಕೆಮ್ಯಾನ್‌ ಐಲ್ಯಾಂಡ್‌ನ ಡಾಲರ್‌"
        ],
        "KZT": [
            "KZT",
            "ಕಜಾಕಿಸ್ತಾನಿ ತೆಂಗೆ"
        ],
        "LAK": [
            "LAK",
            "ಲೋಟಿಯನ್ ಕಿಪ್"
        ],
        "LBP": [
            "LBP",
            "ಲೆಬೆನೀಸ್ ಪೌಂಡ್"
        ],
        "LKR": [
            "LKR",
            "ಶ್ರೀಲಂಕಾದ ರುಪೀ"
        ],
        "LRD": [
            "LRD",
            "ಲಿಬೇರಿಯನ್ ಡಾಲರ್"
        ],
        "LSL": [
            "LSL",
            "ಲೆಸೊತೊ ಲೊತಿ"
        ],
        "LTL": [
            "LTL",
            "ಲಿಥುನಿಯನ್‌ ಲಿತಾಸ್‌"
        ],
        "LVL": [
            "LVL",
            "ಲ್ಯಾಟ್ವಿಯನ್ ಲ್ಯಾಟ್ಸ್"
        ],
        "LYD": [
            "LYD",
            "ಲಿಬಿಯಾದ ದಿನಾರ್‌"
        ],
        "MAD": [
            "MAD",
            "ಮೊರೊಕನ್ ದಿರ್‌ಹಮ್"
        ],
        "MDL": [
            "MDL",
            "ಮಲ್ದೋವಾದ ಲೆವೂ"
        ],
        "MGA": [
            "MGA",
            "ಮಲಗಾಸಿ ಅರಿಯಾರಿ"
        ],
        "MKD": [
            "MKD",
            "ಮೆಸಡೋನಿಯನ್ ದಿನಾರ್"
        ],
        "MMK": [
            "MMK",
            "ಮ್ಯಾನ್ಮಾರ್ ಕ್ಯಾಟ್"
        ],
        "MNT": [
            "MNT",
            "ಮಂಗೋಲಿಯಾದ ತುಗ್ರಿಕ್‌‌"
        ],
        "MOP": [
            "MOP",
            "ಮಕಾನಿಸ್ ಪಟಾಕಾ"
        ],
        "MRO": [
            "MRO",
            "ಮೌರೀಶಿಯನಿಯನ್ ಒಗಿಯ (1973–2017)"
        ],
        "MRU": [
            "MRU",
            "ಮೌರೀಶಿಯನಿಯನ್ ಒಗಿಯ"
        ],
        "MUR": [
            "MUR",
            "ಮಾರಿಷಿಯನ್ ರುಪಿ"
        ],
        "MVR": [
            "MVR",
            "ಮಾಲ್ಡೀವಿಯನ್ ರುಫಿಯಾ"
        ],
        "MWK": [
            "MWK",
            "ಮಲಾವಿಯ ಕ್ವಾಚ"
        ],
        "MXN": [
            "MX$",
            "ಮೆಕ್ಸಿಕೊದ ಪೆಸೊ"
        ],
        "MYR": [
            "MYR",
            "ಮಲೇಶಿಯನ್ ರಿಂಗಿಟ್"
        ],
        "MZN": [
            "MZN",
            "ಮೊಝಾಂಬಿಕನ್ ಮೆಟಿಕಲ್"
        ],
        "NAD": [
            "NAD",
            "ನಮೀಬಿಯನ್ ಡಾಲರ್"
        ],
        "NGN": [
            "NGN",
            "ನೈಜೀರಿಯಾದ ನೇರಾ"
        ],
        "NIO": [
            "NIO",
            "ನಿಕಾರಗ್ವಾದ ಕರ್ದೊಬಾ"
        ],
        "NOK": [
            "NOK",
            "ನಾರ್ವೇಯ ಕ್ರೋನ್"
        ],
        "NPR": [
            "NPR",
            "ನೇಪಾಳದ ರುಪೀ"
        ],
        "NZD": [
            "NZ$",
            "ನ್ಯೂಜಿಲ್ಯಾಂಡ್ ಡಾಲರ್"
        ],
        "OMR": [
            "OMR",
            "ಒಮಾನಿ ರಿಯಲ್"
        ],
        "PAB": [
            "PAB",
            "ಪನಾಮಾನಿಯನ್ ಬಲ್ಬೋವಾ"
        ],
        "PEN": [
            "PEN",
            "ಪೆರುವಿಯನ್ ಸೊಲ್"
        ],
        "PGK": [
            "PGK",
            "ಪಪುವಾ ನ್ಯೂ ಗಿನಿಯನ್ ಕಿನಾ"
        ],
        "PHP": [
            "PHP",
            "ಫಿಲಿಪ್ಪೈನ್ ಪಿಸೊ"
        ],
        "PKR": [
            "PKR",
            "ಪಾಕಿಸ್ತಾನದ ರುಪೀ"
        ],
        "PLN": [
            "PLN",
            "ಪೊಲಿಶ್ ಝ್ಲೋಟಿ"
        ],
        "PYG": [
            "PYG",
            "ಪೆರುಗ್ವೇಯ ಗ್ವಾರನೀ"
        ],
        "QAR": [
            "QAR",
            "ಖತಾರಿ ರಿಯಲ್"
        ],
        "RON": [
            "RON",
            "ರೊಮೇನಿಯನ್ ಲೆವು"
        ],
        "RSD": [
            "RSD",
            "ಸೆರ್ಬಿಯನ್ ದಿನಾರ್"
        ],
        "RUB": [
            "RUB",
            "ರಶಿಯನ್ ರೂಬಲ್"
        ],
        "RWF": [
            "RWF",
            "ರುವಾಂಡನ್ ಫ್ರಾಂಕ್"
        ],
        "SAR": [
            "SAR",
            "ಸೌದಿ ರಿಯಾಲ್"
        ],
        "SBD": [
            "SBD",
            "ಸೊಲೊಮನ್ ದ್ವೀಪಗಳ ಡಾಲರ್"
        ],
        "SCR": [
            "SCR",
            "ಸೆಚೊಲಿಯೊಸ್ ರುಪಿ"
        ],
        "SDG": [
            "SDG",
            "ಸುಡಾನೀಸ್ ಪೌಂಡ್"
        ],
        "SEK": [
            "SEK",
            "ಸ್ವೀಡಿಷ್ ಕ್ರೋನಾ"
        ],
        "SGD": [
            "SGD",
            "ಸಿಂಗಾಪುರ್ ಡಾಲರ್‌"
        ],
        "SHP": [
            "SHP",
            "ಸೇಂಟ್ ಹೆಲೇನಾ ಪೌಂಡ್"
        ],
        "SLL": [
            "SLL",
            "ಸಿಯೆರಾ ಲಿಯೋನಿಯನ್ ಲಿಯೋನ್"
        ],
        "SOS": [
            "SOS",
            "ಸೊಮಾಲಿ ಶಿಲ್ಲಿಂಗ್"
        ],
        "SRD": [
            "SRD",
            "ಸುರಿನಾಮೀಸ್ ಡಾಲರ್"
        ],
        "SSP": [
            "SSP",
            "ದಕ್ಷಿಣ ಸೂಡಾನೀಸ್ ಪೌಂಡ್‍"
        ],
        "STD": [
            "STD",
            "ಸಾವೊ ಟೋಮ್ ಮತ್ತು ಪ್ರಿನ್ಸಿಪ್ ದೊಬ್ರಾ (1977–2017)"
        ],
        "STN": [
            "STN",
            "ಸಾವೊ ಟೋಮ್ ಮತ್ತು ಪ್ರಿನ್ಸಿಪ್ ದೊಬ್ರಾ"
        ],
        "SYP": [
            "SYP",
            "ಸಿರಿಯನ್ ಪೌಂಡ್"
        ],
        "SZL": [
            "SZL",
            "ಸ್ವಾಜಿ ಲಿಲಂಗೆನಿ"
        ],
        "THB": [
            "฿",
            "ಥಾಯ್ ಬಹ್ತ್"
        ],
        "TJS": [
            "TJS",
            "ತಜಕಿಸ್ತಾನಿ ಸೊಮೋನಿ"
        ],
        "TMT": [
            "TMT",
            "ಟರ್ಕ್‍ಮೆನಿಸ್ತಾನ್ ಮನಾತ್"
        ],
        "TND": [
            "TND",
            "ಟ್ಯುನೀಷಿಯನ್‌ ದಿನಾರ್"
        ],
        "TOP": [
            "TOP",
            "ಟೊಂಗಾ ಪಾಂಗ"
        ],
        "TRY": [
            "TRY",
            "ಟರ್ಕಿಶ್ ಲಿರಾ"
        ],
        "TTD": [
            "TTD",
            "ಟ್ರಿನಿಡಾಡ್ ಮತ್ತು ಟೊಬಾಗೊ ಡಾಲರ್"
        ],
        "TWD": [
            "NT$",
            "ನ್ಯೂ ತೈವಾನ್ ಡಾಲರ್"
        ],
        "TZS": [
            "TZS",
            "ತಾನ್‌ಜೇನಿಯನ್ ಶಿಲ್ಲಿಂಗ್"
        ],
        "UAH": [
            "UAH",
            "ಉಕ್ರೇನಿಯನ್ ಹ್ರಿವ್ನೀಯ"
        ],
        "UGX": [
            "UGX",
            "ಉಗಾಂಡನ್ ಶಿಲ್ಲಿಂಗ್"
        ],
        "USD": [
            "$",
            "ಅಮೆರಿಕದ ಡಾಲರ್‌"
        ],
        "UYU": [
            "UYU",
            "ಉರುಗ್ವೆಯ ಪೆಸೊ"
        ],
        "UZS": [
            "UZS",
            "ಉಜ್ಬೇಕಿಸ್ತಾನ್ ಸೊಮ್"
        ],
        "VEF": [
            "VEF",
            "ವೆನಿಜುಲಿಯನ್ ಬೊಲಿವರ್ (2008–2018)"
        ],
        "VES": [
            "VES",
            "ವೆನಿಜುಲಿಯನ್ ಬೊಲಿವರ್"
        ],
        "VND": [
            "₫",
            "ವಿಯೆಟ್ನಾಮೀಸ್ ಡಾಂಗ್"
        ],
        "VUV": [
            "VUV",
            "ವನೂತು ವತು"
        ],
        "WST": [
            "WST",
            "ಸಮೋನ್ ತಲಾ"
        ],
        "XAF": [
            "FCFA",
            "ಮಧ್ಯ ಆಫ್ರಿಕನ್ CFA ಫ್ರಾಂಕ್"
        ],
        "XCD": [
            "EC$",
            "ಪೂರ್ವ ಕೆರೀಬಿಯನ್ ಡಾಲರ್"
        ],
        "XOF": [
            "CFA",
            "ಪಶ್ಚಿಮ ಆಫ್ರಿಕಾದ CFA ಫ್ರಾಂಕ್"
        ],
        "XPF": [
            "CFPF",
            "[CFP] ಫ್ರಾಂಕ್"
        ],
        "YER": [
            "YER",
            "ಯೆಮೆನಿ ರಿಯಲ್"
        ],
        "ZAR": [
            "ZAR",
            "ದಕ್ಷಿಣ ಆಫ್ರಿಕನ್ ರಾಂಡ್"
        ],
        "ZMK": [
            "ZMK",
            "ಜಾಂಬಿಯಾ ಕ್ವಾಚ (1968–2012)"
        ],
        "ZMW": [
            "ZMW",
            "ಜಾಂಬಿಯಾ ಕ್ವಾಚ"
        ]
    }
}
